{"cameraMode":{"drawMode":0,"name":"Shaded","section":"Shading Mode"},"sceneLighting":false,"audioPlay":false,"sceneViewState":{"m_AlwaysRefresh":false,"showFog":true,"showSkybox":false,"showFlares":true,"showImageEffects":true,"showParticleSystems":true,"showVisualEffectGraphs":true,"m_FxEnabled":true},"in2DMode":false,"pivot":{"x":0.3800399601459503,"y":10.27047348022461,"z":-3.4995813369750978},"rotation":{"x":-0.45013219118118288,"y":-0.1744065135717392,"z":0.09027303755283356,"w":-0.8710516095161438},"size":0.32913488149642947,"orthographic":false}