{"cameraMode":{"drawMode":0,"name":"Shaded","section":"Shading Mode"},"sceneLighting":false,"audioPlay":false,"sceneViewState":{"m_AlwaysRefresh":false,"showFog":true,"showSkybox":true,"showFlares":true,"showImageEffects":true,"showParticleSystems":true,"showVisualEffectGraphs":true,"m_FxEnabled":true},"in2DMode":false,"pivot":{"x":0.26610657572746279,"y":0.1261810064315796,"z":-1.2828315496444703},"rotation":{"x":0.36718401312828066,"y":0.0690542459487915,"z":-0.027457427233457567,"w":0.9271319508552551},"size":3.2660250663757326,"orthographic":false}