{"cameraMode":{"drawMode":0,"name":"Shaded","section":"Shading Mode"},"sceneLighting":false,"audioPlay":false,"sceneViewState":{"m_AlwaysRefresh":false,"showFog":true,"showSkybox":true,"showFlares":true,"showImageEffects":true,"showParticleSystems":true,"showVisualEffectGraphs":true,"m_FxEnabled":true},"in2DMode":false,"pivot":{"x":-0.15381962060928346,"y":0.11986695230007172,"z":0.33361732959747317},"rotation":{"x":-0.1739473044872284,"y":0.5734906792640686,"z":-0.12619127333164216,"w":-0.7904698848724365},"size":0.726794958114624,"orthographic":false}