{"cameraMode":{"drawMode":0,"name":"Shaded","section":"Shading Mode"},"sceneLighting":false,"audioPlay":false,"sceneViewState":{"m_AlwaysRefresh":false,"showFog":true,"showSkybox":true,"showFlares":true,"showImageEffects":true,"showParticleSystems":true,"showVisualEffectGraphs":true,"m_FxEnabled":true},"in2DMode":false,"pivot":{"x":-3.4829671382904054,"y":0.39945727586746218,"z":-1.063175916671753},"rotation":{"x":-0.41775965690612795,"y":0.5651235580444336,"z":-0.40215107798576357,"w":-0.5867758393287659},"size":1.1660254001617432,"orthographic":false}