{"cameraMode":{"drawMode":0,"name":"Shaded","section":"Shading Mode"},"sceneLighting":false,"audioPlay":false,"sceneViewState":{"m_AlwaysRefresh":false,"showFog":true,"showSkybox":true,"showFlares":true,"showImageEffects":true,"showParticleSystems":true,"showVisualEffectGraphs":true,"m_FxEnabled":true},"in2DMode":false,"pivot":{"x":-2.0749001502990724,"y":-18.384862899780275,"z":10.806952476501465},"rotation":{"x":0.49778252840042117,"y":-0.009693318977952004,"z":0.005439362023025751,"w":0.8671819567680359},"size":15.132770538330079,"orthographic":false}