{"cameraMode":{"drawMode":0,"name":"Shaded","section":"Shading Mode"},"sceneLighting":false,"audioPlay":false,"sceneViewState":{"m_AlwaysRefresh":false,"showFog":true,"showSkybox":true,"showFlares":true,"showImageEffects":true,"showParticleSystems":true,"showVisualEffectGraphs":true,"m_FxEnabled":true},"in2DMode":false,"pivot":{"x":46.961997985839847,"y":-20.276342391967775,"z":21.342437744140626},"rotation":{"x":-0.15197046101093293,"y":-0.5484375357627869,"z":0.10222039371728897,"w":-0.8158356547355652},"size":28.374496459960939,"orthographic":false}