{"cameraMode":{"drawMode":0,"name":"Shaded","section":"Shading Mode"},"sceneLighting":false,"audioPlay":false,"sceneViewState":{"m_AlwaysRefresh":false,"showFog":true,"showSkybox":false,"showFlares":true,"showImageEffects":true,"showParticleSystems":true,"showVisualEffectGraphs":true,"m_FxEnabled":true},"in2DMode":false,"pivot":{"x":0.1847238540649414,"y":-0.13746792078018189,"z":0.32638731598854067},"rotation":{"x":0.33723050355911257,"y":0.6544620990753174,"z":-0.4104858338832855,"w":0.5379319787025452},"size":0.5530134439468384,"orthographic":false}