{"cameraMode":{"drawMode":0,"name":"Shaded","section":"Shading Mode"},"sceneLighting":false,"audioPlay":false,"sceneViewState":{"m_AlwaysRefresh":false,"showFog":true,"showSkybox":false,"showFlares":true,"showImageEffects":true,"showParticleSystems":true,"showVisualEffectGraphs":true,"m_FxEnabled":true},"in2DMode":false,"pivot":{"x":1.3573790788650513,"y":-1.0969592332839966,"z":0.21159875392913819},"rotation":{"x":-0.2031303346157074,"y":-0.6770652532577515,"z":0.20301306247711183,"w":-0.6775283217430115},"size":1.3853130340576172,"orthographic":false}