{"cameraMode":{"drawMode":0,"name":"Shaded","section":"Shading Mode"},"sceneLighting":false,"audioPlay":false,"sceneViewState":{"m_AlwaysRefresh":false,"showFog":true,"showSkybox":false,"showFlares":true,"showImageEffects":true,"showParticleSystems":true,"showVisualEffectGraphs":true,"m_FxEnabled":true},"in2DMode":false,"pivot":{"x":0.24604015052318574,"y":-0.08328824490308762,"z":0.3637681305408478},"rotation":{"x":0.3152199685573578,"y":0.6537101864814758,"z":-0.34717342257499697,"w":0.5938729047775269},"size":0.5530134439468384,"orthographic":false}