{"cameraMode":{"drawMode":0,"name":"Shaded","section":"Shading Mode"},"sceneLighting":false,"audioPlay":false,"sceneViewState":{"m_AlwaysRefresh":false,"showFog":true,"showSkybox":false,"showFlares":true,"showImageEffects":true,"showParticleSystems":true,"showVisualEffectGraphs":true,"m_FxEnabled":true},"in2DMode":false,"pivot":{"x":-0.02989654242992401,"y":0.6235104203224182,"z":0.3789525032043457},"rotation":{"x":-0.0037347511388361456,"y":-0.8778924942016602,"z":0.47868043184280398,"w":-0.0068856580182909969},"size":0.4910724461078644,"orthographic":false}