{"cameraMode":{"drawMode":0,"name":"Shaded","section":"Shading Mode"},"sceneLighting":false,"audioPlay":false,"sceneViewState":{"m_AlwaysRefresh":false,"showFog":true,"showSkybox":false,"showFlares":true,"showImageEffects":true,"showParticleSystems":true,"showVisualEffectGraphs":true,"m_FxEnabled":true},"in2DMode":false,"pivot":{"x":0.002206563949584961,"y":0.2201448678970337,"z":0.1800517439842224},"rotation":{"x":-0.3290199041366577,"y":-0.6376500129699707,"z":0.34769880771636965,"w":-0.603442907333374},"size":0.4910724461078644,"orthographic":false}