{"cameraMode":{"drawMode":0,"name":"Shaded","section":"Shading Mode"},"sceneLighting":false,"audioPlay":false,"sceneViewState":{"m_AlwaysRefresh":false,"showFog":true,"showSkybox":false,"showFlares":true,"showImageEffects":true,"showParticleSystems":true,"showVisualEffectGraphs":true,"m_FxEnabled":true},"in2DMode":false,"pivot":{"x":-0.18866614997386933,"y":-5.509881973266602,"z":-1.8954027891159058},"rotation":{"x":0.002609571209177375,"y":0.8145015835762024,"z":-0.5801393985748291,"w":0.0036670458503067495},"size":4.443634510040283,"orthographic":false}